group,member
e3d30c0829da4ffc8dc24abdff21666b,gistsn
5b20b48b23cc448db9ef94e33aec9eb5,gistsn
5b20b48b23cc448db9ef94e33aec9eb5,GIS_Krueger
5b20b48b23cc448db9ef94e33aec9eb5,ITD_Fahnestock
5b20b48b23cc448db9ef94e33aec9eb5,KDOT_Lebo
5b20b48b23cc448db9ef94e33aec9eb5,OEM_Drendel
5b20b48b23cc448db9ef94e33aec9eb5,OEM_Mensching
918b27bc9b6943f1a37172f054b9f03e,GIS_Krueger
6b8e64b70dfc4a85acebbdf4433190a3,FOR_Chess
6b8e64b70dfc4a85acebbdf4433190a3,FOR_Tegge
6b8e64b70dfc4a85acebbdf4433190a3,KDOT_Martin
6b8e64b70dfc4a85acebbdf4433190a3,KDOT_Test
5014cb5894dd437292dd959baa10b326,GIS_JCV
5014cb5894dd437292dd959baa10b326,GIS_Krueger
5014cb5894dd437292dd959baa10b326,GIS_LFC
5014cb5894dd437292dd959baa10b326,ITD_Fahnestock
5014cb5894dd437292dd959baa10b326,ITD_Lasky
5014cb5894dd437292dd959baa10b326,KDOT_Lebo
a1c101cd23cf48d0b1beb6cd7006163d,gistsn
1a07394da63745d88b8f63e09bea5f51,KDOT_CONSLT_Stanford
1a07394da63745d88b8f63e09bea5f51,KDOT_Forbes
1a07394da63745d88b8f63e09bea5f51,KDOT_Hohertz
1a07394da63745d88b8f63e09bea5f51,KDOT_Jaltuch
1a07394da63745d88b8f63e09bea5f51,KDOT_Jimenez
1a07394da63745d88b8f63e09bea5f51,KDOT_Johnson
1a07394da63745d88b8f63e09bea5f51,KDOT_Knight
1a07394da63745d88b8f63e09bea5f51,KDOT_Lebo
1a07394da63745d88b8f63e09bea5f51,KDOT_Lichtenberger
1a07394da63745d88b8f63e09bea5f51,KDOT_Lopez
1a07394da63745d88b8f63e09bea5f51,KDOT_Martin
1a07394da63745d88b8f63e09bea5f51,KDOT_Mielke
1a07394da63745d88b8f63e09bea5f51,KDOT_Neal
1a07394da63745d88b8f63e09bea5f51,KDOT_Nika
1a07394da63745d88b8f63e09bea5f51,KDOT_oconnell
1a07394da63745d88b8f63e09bea5f51,KDOT_Publisher
1a07394da63745d88b8f63e09bea5f51,KDOT_Rickert
1a07394da63745d88b8f63e09bea5f51,KDOT_Rizza
1a07394da63745d88b8f63e09bea5f51,KDOT_Sitko
1a07394da63745d88b8f63e09bea5f51,KDOT_Sundquist
1a07394da63745d88b8f63e09bea5f51,KDOT_Thomas
1a07394da63745d88b8f63e09bea5f51,KDOT_VerVynck
1a07394da63745d88b8f63e09bea5f51,KDOT_Way
1a07394da63745d88b8f63e09bea5f51,KDOT_Weesner
1a07394da63745d88b8f63e09bea5f51,KDOT_Wu
1a07394da63745d88b8f63e09bea5f51,KDOT_Zakosek
1a07394da63745d88b8f63e09bea5f51,klockgretchen_kanegis
c4e1005837a945ddb2d966ca8926fa33,KDOT_Dolewski
c4e1005837a945ddb2d966ca8926fa33,KDOT_Knight
c4e1005837a945ddb2d966ca8926fa33,KDOT_Lopez
7b6a0d4a236a4157842a0d7d60f34d56,gistsn
579ec96ab16d47f998ad2e8c0d5e5671,gistsn
579ec96ab16d47f998ad2e8c0d5e5671,GIS_Krueger
579ec96ab16d47f998ad2e8c0d5e5671,GIS_Publisher7
579ec96ab16d47f998ad2e8c0d5e5671,ITD_Brusky
579ec96ab16d47f998ad2e8c0d5e5671,ITD_Lasky
579ec96ab16d47f998ad2e8c0d5e5671,ITD_mMeyer
579ec96ab16d47f998ad2e8c0d5e5671,ITD_Neuenkirchen
579ec96ab16d47f998ad2e8c0d5e5671,KDOT_Johnson
579ec96ab16d47f998ad2e8c0d5e5671,KDOT_Martin
579ec96ab16d47f998ad2e8c0d5e5671,KDOT_Test
579ec96ab16d47f998ad2e8c0d5e5671,LeboTest
7bcd2a3f245b43a8bdf11aacac29c3f6,ITD_Brusky
7bcd2a3f245b43a8bdf11aacac29c3f6,ITD_Cunningham
7bcd2a3f245b43a8bdf11aacac29c3f6,ITD_Escuro
7bcd2a3f245b43a8bdf11aacac29c3f6,ITD_Fox
7bcd2a3f245b43a8bdf11aacac29c3f6,ITD_Green
7bcd2a3f245b43a8bdf11aacac29c3f6,ITD_Hemesath
7bcd2a3f245b43a8bdf11aacac29c3f6,ITD_Kash
7bcd2a3f245b43a8bdf11aacac29c3f6,ITD_Lasky
7bcd2a3f245b43a8bdf11aacac29c3f6,ITD_Murphy
7bcd2a3f245b43a8bdf11aacac29c3f6,ITD_nMeyer
7bcd2a3f245b43a8bdf11aacac29c3f6,ITD_Novack
7bcd2a3f245b43a8bdf11aacac29c3f6,ITD_Palleson
7bcd2a3f245b43a8bdf11aacac29c3f6,ITD_Perdue
7bcd2a3f245b43a8bdf11aacac29c3f6,ITD_Slaughter
ecbe7ac76dbe4705861a5d2049b3b849,ElectionSupportAdmin
ecbe7ac76dbe4705861a5d2049b3b849,GIS_Krueger
ecbe7ac76dbe4705861a5d2049b3b849,KDOT_Lebo
8ae8192d348948d2864249ea0c9e33b5,gistsn
8ae8192d348948d2864249ea0c9e33b5,ITD_Bpeters
8ae8192d348948d2864249ea0c9e33b5,ITD_Brusky
8ae8192d348948d2864249ea0c9e33b5,ITD_Cunningham
8ae8192d348948d2864249ea0c9e33b5,ITD_Dohr
8ae8192d348948d2864249ea0c9e33b5,ITD_Doll
8ae8192d348948d2864249ea0c9e33b5,ITD_Fox
8ae8192d348948d2864249ea0c9e33b5,ITD_Green
8ae8192d348948d2864249ea0c9e33b5,ITD_Gwillim
8ae8192d348948d2864249ea0c9e33b5,ITD_Hampel
8ae8192d348948d2864249ea0c9e33b5,ITD_Hemesath
8ae8192d348948d2864249ea0c9e33b5,ITD_Kash
8ae8192d348948d2864249ea0c9e33b5,ITD_Klose
8ae8192d348948d2864249ea0c9e33b5,ITD_Lasky
8ae8192d348948d2864249ea0c9e33b5,ITD_Malis
8ae8192d348948d2864249ea0c9e33b5,ITD_Murphy
8ae8192d348948d2864249ea0c9e33b5,ITD_nMeyer
8ae8192d348948d2864249ea0c9e33b5,ITD_Novack
8ae8192d348948d2864249ea0c9e33b5,ITD_Obrien
8ae8192d348948d2864249ea0c9e33b5,ITD_Reed
8ae8192d348948d2864249ea0c9e33b5,ITD_Shackleton
8ae8192d348948d2864249ea0c9e33b5,ITD_Slaughter
8ae8192d348948d2864249ea0c9e33b5,ITD_Tedder
8ae8192d348948d2864249ea0c9e33b5,ITD_Tierney
8ae8192d348948d2864249ea0c9e33b5,ITD_Tran
8ae8192d348948d2864249ea0c9e33b5,ITD_Wolf
8ae8192d348948d2864249ea0c9e33b5,ITD_Zakosek
8ae8192d348948d2864249ea0c9e33b5,kdot_gissolutions
0e99290e7cc744ee9578d8858b302a51,GIS_Krueger
0e99290e7cc744ee9578d8858b302a51,ITD_Harahan
0e99290e7cc744ee9578d8858b302a51,KDOT_Lebo
3336591cc7784e7d89fc8da886198ae8,FOR_Dainko
3336591cc7784e7d89fc8da886198ae8,FOR_Graser
3336591cc7784e7d89fc8da886198ae8,FOR_Haberthur
3336591cc7784e7d89fc8da886198ae8,kdot_gissolutions
3336591cc7784e7d89fc8da886198ae8,KDOT_Lebo
9528dbf5f09a4a5d94c3370b12d73946,For_Andrews
9528dbf5f09a4a5d94c3370b12d73946,FOR_Blackburn
9528dbf5f09a4a5d94c3370b12d73946,FOR_Dainko
9528dbf5f09a4a5d94c3370b12d73946,FOR_Dall
9528dbf5f09a4a5d94c3370b12d73946,FOR_Graser
9528dbf5f09a4a5d94c3370b12d73946,FOR_Haberthur
9528dbf5f09a4a5d94c3370b12d73946,For_Herakovich
9528dbf5f09a4a5d94c3370b12d73946,FOR_Johnson
9528dbf5f09a4a5d94c3370b12d73946,FOR_Kastle
9528dbf5f09a4a5d94c3370b12d73946,FOR_Kurtz
9528dbf5f09a4a5d94c3370b12d73946,For_Litoborski
9528dbf5f09a4a5d94c3370b12d73946,For_Middendorf
9528dbf5f09a4a5d94c3370b12d73946,For_Tirakian
7877d6bd00c64156afc525acfe533616,kdot_gissolutions
7877d6bd00c64156afc525acfe533616,KDOT_Martin
67a9624077de4d5eb63754f9a2413ff6,KaneGIS_Tester
3c228f505701477b82268eb5ae07c1f5,gistsn
7f1f82571b2c46ce834550a7e04905a5,gistsn
7f1f82571b2c46ce834550a7e04905a5,GIS_JCV
7f1f82571b2c46ce834550a7e04905a5,ITD_Bpeters
7f1f82571b2c46ce834550a7e04905a5,JVerachtert
7f1f82571b2c46ce834550a7e04905a5,PHD_Dawson
7f1f82571b2c46ce834550a7e04905a5,PHD_Onwuta
5d1d7a834c9e44048380ffda4c8e3715,cblouzdis
5d1d7a834c9e44048380ffda4c8e3715,KDOT_Johnson
5d1d7a834c9e44048380ffda4c8e3715,KDOT_Nika
5d1d7a834c9e44048380ffda4c8e3715,KDOT_Sundquist
dc48442252b04ce19c1d6b86cd1b1d54,gistsn
dc48442252b04ce19c1d6b86cd1b1d54,GIS_Krueger
dc48442252b04ce19c1d6b86cd1b1d54,ITD_Klose
dc48442252b04ce19c1d6b86cd1b1d54,KaneGIS_User
dc48442252b04ce19c1d6b86cd1b1d54,KDOT_Abdelnour
dc48442252b04ce19c1d6b86cd1b1d54,KDOT_Coffinbargar
dc48442252b04ce19c1d6b86cd1b1d54,KDOT_Forbes
dc48442252b04ce19c1d6b86cd1b1d54,kdot_gissolutions
dc48442252b04ce19c1d6b86cd1b1d54,KDOT_Hntb
dc48442252b04ce19c1d6b86cd1b1d54,KDOT_Johnson
dc48442252b04ce19c1d6b86cd1b1d54,KDOT_Larson
dc48442252b04ce19c1d6b86cd1b1d54,KDOT_Lichtenberger
dc48442252b04ce19c1d6b86cd1b1d54,KDOT_Martin
dc48442252b04ce19c1d6b86cd1b1d54,KDOT_Nika
dc48442252b04ce19c1d6b86cd1b1d54,KDOT_oconnell
dc48442252b04ce19c1d6b86cd1b1d54,KDOT_Planning
dc48442252b04ce19c1d6b86cd1b1d54,KDOT_Rickert
dc48442252b04ce19c1d6b86cd1b1d54,KDOT_Sundquist
dc48442252b04ce19c1d6b86cd1b1d54,KDOT_Way
dc48442252b04ce19c1d6b86cd1b1d54,KDOT_Young
dc48442252b04ce19c1d6b86cd1b1d54,KDOT_Zakosek
dc48442252b04ce19c1d6b86cd1b1d54,KDOT_Zulkowski
7db646fe83104524afe8364efeaab013,GIS_JCV
7db646fe83104524afe8364efeaab013,GIS_Krueger
7db646fe83104524afe8364efeaab013,JVerachtert
7db646fe83104524afe8364efeaab013,KDOT_Lebo
0686a9be17f742aeb6ba409eae2fe38b,GIS_Krueger
0686a9be17f742aeb6ba409eae2fe38b,vonaIT
0686a9be17f742aeb6ba409eae2fe38b,vonaPW
095ec0e9f0ab4c3c9027b9814efe0733,gistsn
8975010a949946d1b395645dd6921f19,For_Andrews
8975010a949946d1b395645dd6921f19,FOR_Barrett0
8975010a949946d1b395645dd6921f19,FOR_Blackburn
8975010a949946d1b395645dd6921f19,FOR_Burger
8975010a949946d1b395645dd6921f19,FOR_Chess
8975010a949946d1b395645dd6921f19,FOR_Dall
8975010a949946d1b395645dd6921f19,FOR_Donat
8975010a949946d1b395645dd6921f19,FOR_Estes
8975010a949946d1b395645dd6921f19,FOR_Goreth
8975010a949946d1b395645dd6921f19,FOR_Graser
8975010a949946d1b395645dd6921f19,FOR_Haberthur
8975010a949946d1b395645dd6921f19,FOR_Hayes
8975010a949946d1b395645dd6921f19,For_Herakovich
8975010a949946d1b395645dd6921f19,FOR_Jensen
8975010a949946d1b395645dd6921f19,FOR_Johnson
8975010a949946d1b395645dd6921f19,FOR_Kastle
8975010a949946d1b395645dd6921f19,FOR_Kelly
8975010a949946d1b395645dd6921f19,FOR_Konecki
8975010a949946d1b395645dd6921f19,FOR_Krawczykowski
8975010a949946d1b395645dd6921f19,FOR_Kurtz
8975010a949946d1b395645dd6921f19,FOR_Lechner
8975010a949946d1b395645dd6921f19,For_Litoborski
8975010a949946d1b395645dd6921f19,FOR_Lopez
8975010a949946d1b395645dd6921f19,For_Middendorf
8975010a949946d1b395645dd6921f19,FOR_Nelson
8975010a949946d1b395645dd6921f19,FOR_Oftedal
8975010a949946d1b395645dd6921f19,FOR_Pentecost
8975010a949946d1b395645dd6921f19,FOR_Pyfer
8975010a949946d1b395645dd6921f19,FOR_Pyszka
8975010a949946d1b395645dd6921f19,FOR_Rabbit
8975010a949946d1b395645dd6921f19,FOR_Reed
8975010a949946d1b395645dd6921f19,FOR_Rochotte
8975010a949946d1b395645dd6921f19,FOR_Rodeghero
8975010a949946d1b395645dd6921f19,FOR_Rooks-Lopez
8975010a949946d1b395645dd6921f19,FOR_Rosinski
8975010a949946d1b395645dd6921f19,FOR_Rowe
8975010a949946d1b395645dd6921f19,FOR_Siegmeier
8975010a949946d1b395645dd6921f19,FOR_Smith
8975010a949946d1b395645dd6921f19,FOR_Sparks
8975010a949946d1b395645dd6921f19,FOR_Splittgerber
8975010a949946d1b395645dd6921f19,FOR_Swanson
8975010a949946d1b395645dd6921f19,FOR_Tegge
8975010a949946d1b395645dd6921f19,For_Tirakian
8975010a949946d1b395645dd6921f19,FOR_Treadwell
8975010a949946d1b395645dd6921f19,FOR_Verbick
8975010a949946d1b395645dd6921f19,FOR_Villanueva
8975010a949946d1b395645dd6921f19,gistsn
8975010a949946d1b395645dd6921f19,KDOT_Lebo
cf8f13cebb2746beaa41d096ae5e7d66,ITD_Lebo
7b88a08d14a542509470f26937681629,DEV_McKenna
7b88a08d14a542509470f26937681629,GIS_Dieckmann
7b88a08d14a542509470f26937681629,GIS_Krueger
7b88a08d14a542509470f26937681629,GIS_Mullins
7b88a08d14a542509470f26937681629,GIS_Petoskey
7b88a08d14a542509470f26937681629,KDOT_Lebo
56b9b6daec30495182e0dd857fc0af00,DOT_Soprych
56b9b6daec30495182e0dd857fc0af00,gistsn
56b9b6daec30495182e0dd857fc0af00,GIS_Krueger
56b9b6daec30495182e0dd857fc0af00,ITD_Baumann
56b9b6daec30495182e0dd857fc0af00,ITD_Fahnestock
56b9b6daec30495182e0dd857fc0af00,ITD_Feldner
56b9b6daec30495182e0dd857fc0af00,ITD_Lasky
56b9b6daec30495182e0dd857fc0af00,ITD_Senter
56b9b6daec30495182e0dd857fc0af00,ITD_Shive
56b9b6daec30495182e0dd857fc0af00,ITD_Tierney
56b9b6daec30495182e0dd857fc0af00,KaneGIS_User
56b9b6daec30495182e0dd857fc0af00,KDOT_Hntb
56b9b6daec30495182e0dd857fc0af00,KDOT_Johnson
56b9b6daec30495182e0dd857fc0af00,KDOT_Martin
56b9b6daec30495182e0dd857fc0af00,KDOT_Nika
56b9b6daec30495182e0dd857fc0af00,KDOT_Test
56b9b6daec30495182e0dd857fc0af00,KDOT_Wu
56b9b6daec30495182e0dd857fc0af00,NTI_Admin
e1efc013ac3a493aa9b99b296a22ba48,AuroraData
624b08bcc9af4a8e9321374852d4421b,KDOT_Nika
624b08bcc9af4a8e9321374852d4421b,KDOT_Zulkowski
0ce1641e97bb4037861f461ebab218ec,ITD_Baumann
0ce1641e97bb4037861f461ebab218ec,ITD_Lasky
0ce1641e97bb4037861f461ebab218ec,NTI_Admin
e56998d3222d425ea3752d94efa39e88,DOT_Soprych
e56998d3222d425ea3752d94efa39e88,GIS_Krueger
e56998d3222d425ea3752d94efa39e88,KDOT_Martin
e56998d3222d425ea3752d94efa39e88,KDOT_Nika
e56998d3222d425ea3752d94efa39e88,KDOT_Sundquist
e56998d3222d425ea3752d94efa39e88,KDOT_Wu
e56998d3222d425ea3752d94efa39e88,KDOT_Zulkowski
dcdbb6a957e24f1ba2e41e289148afc6,GIS_Krueger
8745ee0836ae4843a0e38dd5dbfa5480,BLD_Files
8745ee0836ae4843a0e38dd5dbfa5480,DEV_Meyer
8745ee0836ae4843a0e38dd5dbfa5480,gistsn
8745ee0836ae4843a0e38dd5dbfa5480,GIS_Krueger
8745ee0836ae4843a0e38dd5dbfa5480,ITD_Fahnestock
ba32144799e64e48b5b3ed66849974e7,GIS_Krueger
ccb4d47f7b904672ab298191a6a87902,GIS_Krueger
ccb4d47f7b904672ab298191a6a87902,KDOT_Lebo
3dd9010bc8f944a1815539269e0aa0cc,gistsn
9ee07874edac40958828a7bb29ed79e4,gistsn
9ee07874edac40958828a7bb29ed79e4,GIS_Krueger
9ee07874edac40958828a7bb29ed79e4,hhudson_CMAPGIS
9ee07874edac40958828a7bb29ed79e4,JVerachtert
9ee07874edac40958828a7bb29ed79e4,KDOT_Way
9ee07874edac40958828a7bb29ed79e4,WTR_Linke
9ee07874edac40958828a7bb29ed79e4,WTR_Mino
9ee07874edac40958828a7bb29ed79e4,WTR_Orlik
9ee07874edac40958828a7bb29ed79e4,WTR_Wilford
9ee07874edac40958828a7bb29ed79e4,WTR_Wollnik
48202edc200b421a82eee59e7bc9a3f8,KDOT_Accela
48202edc200b421a82eee59e7bc9a3f8,kdot_gissolutions
35b51c92b40b4cc88faab2daab87c117,KDOT_Martin
35b51c92b40b4cc88faab2daab87c117,KDOT_Nika
35b51c92b40b4cc88faab2daab87c117,KDOT_Sundquist
35b51c92b40b4cc88faab2daab87c117,KDOT_Zulkowski
72a65a00970f4331816bf8fcdd837621,KDOT_Martin
72a65a00970f4331816bf8fcdd837621,KDOT_Thomas
72a65a00970f4331816bf8fcdd837621,KDOT_Zakosek
c9ea2f6379ef440b96753fbfbf30a9d8,KaneGIS_User
c9ea2f6379ef440b96753fbfbf30a9d8,kdot_gissolutions
c9ea2f6379ef440b96753fbfbf30a9d8,KDOT_Jaltuch
c9ea2f6379ef440b96753fbfbf30a9d8,KDOT_Martin
c9ea2f6379ef440b96753fbfbf30a9d8,KDOT_Nika
c9ea2f6379ef440b96753fbfbf30a9d8,KDOT_Sundquist
c9ea2f6379ef440b96753fbfbf30a9d8,KDOT_Thomas
c9ea2f6379ef440b96753fbfbf30a9d8,KDOT_Zulkowski
557eb6dddefd4e9fa45b812c8f67b620,KDOT_Abdelnour
557eb6dddefd4e9fa45b812c8f67b620,KDOT_Planning
1d15b69cee8a43df8afcb5df8566bb0a,KDOT_Abdelnour
1d15b69cee8a43df8afcb5df8566bb0a,KDOT_Planning
6d441531f7e7493f828b8d731cf3adf0,cblouzdis
6d441531f7e7493f828b8d731cf3adf0,KDOT_Hohertz
6d441531f7e7493f828b8d731cf3adf0,KDOT_Neal
6d441531f7e7493f828b8d731cf3adf0,KDOT_Nika
fca5b1f7387d4a8cbdb878e896646974,dwelchago
fca5b1f7387d4a8cbdb878e896646974,gistsn
fca5b1f7387d4a8cbdb878e896646974,ITD_mMeyer
fca5b1f7387d4a8cbdb878e896646974,ITD_Neuenkirchen
fca5b1f7387d4a8cbdb878e896646974,KDOT_Coffinbargar
fca5b1f7387d4a8cbdb878e896646974,kdot_gissolutions
fca5b1f7387d4a8cbdb878e896646974,KDOT_Hntb
fca5b1f7387d4a8cbdb878e896646974,KDOT_Hohertz
fca5b1f7387d4a8cbdb878e896646974,KDOT_Johnson
fca5b1f7387d4a8cbdb878e896646974,KDOT_Lopez
fca5b1f7387d4a8cbdb878e896646974,KDOT_Martin
fca5b1f7387d4a8cbdb878e896646974,KDOT_Mielke
fca5b1f7387d4a8cbdb878e896646974,KDOT_Nika
fca5b1f7387d4a8cbdb878e896646974,KDOT_oconnell
fca5b1f7387d4a8cbdb878e896646974,KDOT_Sundquist
fca5b1f7387d4a8cbdb878e896646974,KDOT_Thomas
fca5b1f7387d4a8cbdb878e896646974,KDOT_VerVynck
fca5b1f7387d4a8cbdb878e896646974,KDOT_Zakosek
fca5b1f7387d4a8cbdb878e896646974,KDOT_Zulkowski
03aa1cd711d846aaaab7c80094b6e9cb,KaneGIS_User
03aa1cd711d846aaaab7c80094b6e9cb,KDOT_Johnson
03aa1cd711d846aaaab7c80094b6e9cb,KDOT_Larson
03aa1cd711d846aaaab7c80094b6e9cb,KDOT_Martin
03aa1cd711d846aaaab7c80094b6e9cb,KDOT_Nika
03aa1cd711d846aaaab7c80094b6e9cb,KDOT_Publisher
03aa1cd711d846aaaab7c80094b6e9cb,KDOT_Sundquist
ec6965bf50f143d0919294758956969c,KDOT_Thomas
e4a0c4b7dd7342dca4353142ed10fb80,KDOT_Coffinbargar
e4a0c4b7dd7342dca4353142ed10fb80,KDOT_Jaltuch
e4a0c4b7dd7342dca4353142ed10fb80,KDOT_Martin
e4a0c4b7dd7342dca4353142ed10fb80,KDOT_oconnell
e4a0c4b7dd7342dca4353142ed10fb80,KDOT_Thomas
e4a0c4b7dd7342dca4353142ed10fb80,KDOT_Zakosek
02ee815f1d5f49f780b4325e99dfbdf1,gistsn
02ee815f1d5f49f780b4325e99dfbdf1,ITD_Lasky
02ee815f1d5f49f780b4325e99dfbdf1,KaneGIS_User
02ee815f1d5f49f780b4325e99dfbdf1,KDOT_Martin
1d0168edae3d4ac399d020e561f7910b,KDOT_Hohertz
1d0168edae3d4ac399d020e561f7910b,KDOT_Johnson
1d0168edae3d4ac399d020e561f7910b,KDOT_Martin
1d0168edae3d4ac399d020e561f7910b,KDOT_Nika
1d0168edae3d4ac399d020e561f7910b,KDOT_Wu
1d0168edae3d4ac399d020e561f7910b,KDOT_Zulkowski
8d0c78a035574a668d80592666da31b0,KDOT_Martin
8d0c78a035574a668d80592666da31b0,KDOT_Zakosek
1f2133190aea44dc90f8244f1b0020e4,kdot_gissolutions
1f2133190aea44dc90f8244f1b0020e4,KDOT_Martin
1f2133190aea44dc90f8244f1b0020e4,LeboTest
aa2b1db3fa23442cb5cc1a3c719468ab,KDOT_Hohertz
aa2b1db3fa23442cb5cc1a3c719468ab,KDOT_Johnson
aa2b1db3fa23442cb5cc1a3c719468ab,KDOT_Larson
aa2b1db3fa23442cb5cc1a3c719468ab,KDOT_Martin
aa2b1db3fa23442cb5cc1a3c719468ab,KDOT_Nika
aa2b1db3fa23442cb5cc1a3c719468ab,KDOT_Rizza
aa2b1db3fa23442cb5cc1a3c719468ab,KDOT_Sundquist
e0bd11f6eeff4170929aa30482fb55f5,KDOT_Abdelnour
e0bd11f6eeff4170929aa30482fb55f5,KDOT_Forbes
e0bd11f6eeff4170929aa30482fb55f5,KDOT_Lichtenberger
e0bd11f6eeff4170929aa30482fb55f5,KDOT_Martin
e0bd11f6eeff4170929aa30482fb55f5,KDOT_Planning
39e452c6eec94509812fb34b111620d0,KDOT_Martin
39e452c6eec94509812fb34b111620d0,KDOT_Yehnert
39e452c6eec94509812fb34b111620d0,KDOT_Zakosek
81eb82fc867c4b4c93dae1f4a7dadec9,KDOT_Signshop2
688963cae9244207b716c72b0575327b,ITD_Lebo
688963cae9244207b716c72b0575327b,kdot_gissolutions
688963cae9244207b716c72b0575327b,KDOT_Martin
688963cae9244207b716c72b0575327b,KDOT_Nika
688963cae9244207b716c72b0575327b,KDOT_VerVynck
688963cae9244207b716c72b0575327b,KDOT_Way
688963cae9244207b716c72b0575327b,KDOT_Zakosek
aa9ec07809334db7a1792f79e4868810,KDOT_Martin
a034bdf9770445ddaa2500d8b0ef660c,kdot_gissolutions
a034bdf9770445ddaa2500d8b0ef660c,KDOT_Hohertz
a034bdf9770445ddaa2500d8b0ef660c,KDOT_Jaltuch
a034bdf9770445ddaa2500d8b0ef660c,KDOT_Johnson
a034bdf9770445ddaa2500d8b0ef660c,KDOT_Knight
a034bdf9770445ddaa2500d8b0ef660c,KDOT_Nika
a034bdf9770445ddaa2500d8b0ef660c,KDOT_Sundquist
a034bdf9770445ddaa2500d8b0ef660c,KDOT_Way
a034bdf9770445ddaa2500d8b0ef660c,KDOT_Wu
06f10a112e35426483ed581c467743d5,gnewton_GHA_Engineers
06f10a112e35426483ed581c467743d5,KDOT_Martin
06f10a112e35426483ed581c467743d5,KDOT_Nika
ef37b1b9cf964d94be475ca43db453b9,KDOT_Abdelnour
ef37b1b9cf964d94be475ca43db453b9,KDOT_Forbes
ef37b1b9cf964d94be475ca43db453b9,KDOT_Planning
ef37b1b9cf964d94be475ca43db453b9,KDOT_Rickert
b055f1120f2e439ea9969a62804ad571,gistsn
e35d18d51ff84e12a767035bef90e809,gistsn
e35d18d51ff84e12a767035bef90e809,GIS_LFC
e35d18d51ff84e12a767035bef90e809,JVerachtert
2783cf9fb981499e9832f67a50173397,gistsn
2783cf9fb981499e9832f67a50173397,GIS_Publisher7
2783cf9fb981499e9832f67a50173397,JVerachtert
2783cf9fb981499e9832f67a50173397,KaneGIS_User
2783cf9fb981499e9832f67a50173397,OEM_Buziecki
2783cf9fb981499e9832f67a50173397,OEM_Cmd1
2783cf9fb981499e9832f67a50173397,OEM_DA
2783cf9fb981499e9832f67a50173397,OEM_EOC1
2783cf9fb981499e9832f67a50173397,OEM_EOC2
2783cf9fb981499e9832f67a50173397,OEM_EOC3
2783cf9fb981499e9832f67a50173397,OEM_Mensching
2783cf9fb981499e9832f67a50173397,OEM_Sprague
c117bfb4104a44628ca4c8169f17fa43,KDOT_Hohertz
30bf7a8bfd084a8fa2ec8ea1dd0810fe,SHF_Kaus
cae2b3ff6ecd4ce1959a7a01f2c51802,gistsn
cae2b3ff6ecd4ce1959a7a01f2c51802,GIS_JCV
cae2b3ff6ecd4ce1959a7a01f2c51802,GIS_Krueger
cae2b3ff6ecd4ce1959a7a01f2c51802,KaneGIS_User
cae2b3ff6ecd4ce1959a7a01f2c51802,SHF_Bruening
cae2b3ff6ecd4ce1959a7a01f2c51802,SHF_McCarty
